Frequency(Hz);Return Loss(dB);Phase(deg);Rs;SWR;Xs;|Z|;Theta
1000000;-0,45;-24,31;28,9;38,50;-228,7;230,5;-82,8
3972248;-0,01;-42,93;0,2;388,56;-127,2;127,2;-89,9
6944496;-0,03;-62,45;0,3;630,99;-82,5;82,5;-89,8
9916744;-0,24;-82,53;1,6;72,93;-57,0;57,0;-88,4
12888992;-0,63;-98,41;3,2;27,38;-43,1;43,2;-85,8
15861240;-0,35;-116,50;1,4;49,41;-30,9;31,0;-87,4
18833488;-0,35;-134,66;1,2;49,05;-20,9;20,9;-86,7
21805736;-0,43;-152,49;1,3;40,23;-12,2;12,3;-83,9
24777984;-0,58;-170,04;1,7;30,20;-4,4;4,7;-69,0
27750232;-0,80;172,83;2,3;21,73;3,1;3,9;53,5
30722480;-1,10;155,79;3,3;15,88;10,7;11,2;72,9
33694728;-1,35;139,19;4,4;12,88;18,5;19,0;76,6
36666976;-1,39;123,38;5,1;12,53;26,7;27,2;79,1
39639224;-1,10;105,11;5,0;15,89;38,1;38,4;82,5
42611472;-0,97;85,08;6,1;17,90;54,1;54,5;83,6
45583720;-0,95;65,19;9,4;18,25;77,4;78,0;83,1
48555968;-0,95;45,23;18,1;18,38;117,7;119,0;81,3
51528216;-1,04;24,76;60,6;16,70;211,2;219,8;74,0
54500464;-1,32;4,22;534,9;13,22;258,6;594,1;25,8
57472712;-1,38;-15,46;163,5;12,60;-272,8;318,1;-59,1
60444960;-1,30;-37,00;35,4;13,35;-141,5;145,9;-75,9
63417208;-1,81;-64,31;17,9;9,62;-76,6;78,6;-76,9
66389456;-5,46;-60,11;47,5;3,29;-61,4;77,7;-52,3
69361704;-0,97;-86,35;5,9;18,00;-52,9;53,3;-83,6
72333952;-1,32;-115,58;5,3;13,15;-31,2;31,7;-80,4
75306200;-2,45;-140,42;7,9;7,15;-17,6;19,3;-65,9
78278448;-4,28;-164,29;12,3;4,14;-6,5;13,9;-27,8
81250696;-7,93;-177,39;21,4;2,34;-0,9;21,4;-2,5
84222944;-9,10;-158,41;24,7;2,08;-7,3;25,7;-16,4
87195192;-3,55;-169,21;10,2;4,96;-4,5;11,1;-24,0
90167440;-1,78;149,98;5,5;9,79;13,3;14,3;67,6
93139688;-2,33;112,24;9,6;7,49;32,7;34,1;73,6
96111936;-3,89;76,49;26,6;4,54;56,0;62,0;64,6
99084184;-6,43;40,64;76,7;2,82;61,7;98,4;38,8
102056432;-9,53;5,58;99,4;2,00;7,3;99,7;4,2
105028680;-12,12;-32,18;73,1;1,66;-20,5;75,9;-15,7
108000928;-15,70;-88,19;47,9;1,39;-16,1;50,5;-18,6
110973176;-19,57;-148,49;41,5;1,23;-4,6;41,8;-6,3
113945424;-19,18;157,93;40,6;1,25;3,4;40,8;4,8
116917672;-17,26;109,70;44,1;1,32;11,6;45,7;14,7
119889920;-16,76;67,68;53,7;1,34;14,7;55,7;15,3
122862168;-18,54;40,28;59,1;1,27;9,2;59,9;8,8
125834416;-17,80;33,58;61,3;1,30;8,9;62,0;8,2
128806664;-15,43;14,74;69,2;1,41;6,1;69,5;5,1
131778912;-14,99;-10,85;71,0;1,43;-4,9;71,2;-4,0
134751160;-14,93;-20,56;69,5;1,44;-9,0;70,1;-7,4
137723408;-13,23;-33,84;69,5;1,56;-17,7;71,7;-14,3
140695656;-12,02;-49,33;63,7;1,67;-25,8;68,7;-22,1
143667904;-10,78;-64,58;54,8;1,81;-31,3;63,1;-29,7
146640152;-9,72;-85,04;42,5;1,97;-31,0;52,6;-36,1
149612400;-9,12;-104,74;33,7;2,08;-26,0;42,6;-37,7
152584648;-8,63;-125,32;27,6;2,18;-19,3;33,6;-35,0
155556896;-8,73;-147,99;24,7;2,15;-11,1;27,0;-24,1
158529144;-9,27;-165,78;24,7;2,05;-4,7;25,1;-10,9
161501392;-9,64;175,57;25,2;1,98;1,4;25,3;3,3
164473640;-10,42;157,04;27,6;1,86;7,1;28,5;14,5
167445888;-11,46;137,95;31,6;1,73;12,2;33,9;21,1
170418136;-13,34;117,11;38,4;1,55;15,4;41,4;21,9
173390384;-16,50;105,96;44,2;1,35;13,0;46,1;16,4
176362632;-18,28;107,91;45,2;1,28;10,6;46,4;13,3
179334880;-19,07;112,08;45,1;1,25;9,4;46,0;11,8
182307128;-16,23;123,94;40,8;1,36;10,7;42,2;14,7
185279376;-11,38;101,83;39,2;1,74;22,3;45,1;29,7
188251624;-8,95;64,99;52,8;2,11;39,2;65,8;36,6
191223872;-8,23;24,38;95,6;2,27;36,0;102,2;20,6
194196120;-10,83;-12,70;87,9;1,81;-12,1;88,7;-7,8
197168368;-12,97;-28,86;72,3;1,58;-16,5;74,1;-12,9
200140616;-14,29;-43,93;63,4;1,48;-17,6;65,8;-15,5
203112864;-14,79;-56,00;58,3;1,45;-18,2;61,1;-17,3
206085112;-15,70;-74,01;52,0;1,39;-16,8;54,6;-18,0
209057360;-17,94;-82,57;50,0;1,29;-12,8;51,6;-14,3
212029608;-19,59;-76,73;51,4;1,23;-10,6;52,4;-11,7
215001856;-17,72;-59,74;55,5;1,30;-12,7;56,9;-12,9
217974104;-13,72;-68,05;53,9;1,52;-21,5;58,0;-21,8
220946352;-11,05;-85,04;44,7;1,78;-27,1;52,3;-31,2
223918600;-8,81;-107,43;32,2;2,14;-25,6;41,2;-38,5
226890848;-7,82;-132,74;24,3;2,37;-17,4;29,9;-35,6
229863096;-7,67;-154,16;21,6;2,41;-9,4;23,6;-23,5
232835344;-7,35;-173,77;20,0;2,50;-2,3;20,1;-6,5
235807592;-6,96;164,52;19,3;2,63;5,8;20,2;16,7
238779840;-6,78;139,74;20,7;2,69;15,5;25,9;36,9
241752088;-7,09;114,97;25,7;2,58;25,5;36,2;44,9
244724336;-7,66;93,58;33,9;2,41;33,8;47,8;44,9
247696584;-7,34;75,93;41,8;2,51;42,7;59,8;45,6
250668832;-4,99;48,53;59,8;3,58;73,8;95,0;51,0
253641080;-5,10;-11,54;157,3;3,50;-50,6;165,2;-17,8
256613328;-10,06;-53,18;62,4;1,92;-34,8;71,5;-29,1
259585576;-14,66;-76,04;51,1;1,45;-19,0;54,5;-20,4
262557824;-18,86;-90,68;48,6;1,26;-11,2;49,9;-13,0
265530072;-22,54;-100,59;48,1;1,16;-7,1;48,7;-8,4
268502320;-27,47;-120,19;47,8;1,09;-3,5;47,9;-4,2
271474568;-44,76;-20,70;50,5;1,01;-0,2;50,5;-0,2
274446816;-28,35;2,96;54,0;1,08;0,2;54,0;0,2
277419064;-22,54;-6,96;58,0;1,16;-1,1;58,0;-1,0
280391312;-19,00;-22,32;61,3;1,25;-5,3;61,6;-4,9
283363560;-16,38;-37,44;62,5;1,36;-11,8;63,6;-10,7
286335808;-14,09;-53,51;59,8;1,49;-19,8;62,9;-18,3
289308056;-12,33;-71,85;51,9;1,64;-25,3;57,7;-26,0
292280304;-11,15;-90,90;42,5;1,77;-25,5;49,6;-31,0
295252552;-10,23;-109,88;34,7;1,89;-22,2;41,2;-32,6
298224800;-9,78;-129,24;29,5;1,96;-16,6;33,9;-29,3
301197048;-9,68;-147,91;26,8;1,98;-10,5;28,8;-21,3
304169296;-9,57;-163,10;25,5;2,00;-5,5;26,1;-12,3
307141544;-8,87;-179,48;23,5;2,13;-0,2;23,5;-0,4
310113792;-8,30;161,45;22,7;2,25;6,5;23,6;16,0
313086040;-7,89;141,16;23,4;2,35;14,1;27,3;31,1
316058288;-7,71;119,60;26,4;2,40;22,7;34,8;40,7
319030536;-7,88;97,30;33,1;2,35;31,6;45,8;43,7
322002784;-8,16;75,56;44,2;2,28;39,5;59,3;41,8
324975032;-8,47;53,55;61,8;2,21;43,7;75,7;35,3
327947280;-8,98;33,16;82,2;2,10;36,6;90,0;24,0
330919528;-9,27;15,55;96,8;2,05;20,2;98,9;11,8
333891776;-9,27;-1,88;102,4;2,05;-2,6;102,4;-1,5
336864024;-9,19;-19,72;94,2;2,06;-25,1;97,4;-14,9
339836272;-9,27;-37,98;76,5;2,05;-36,8;84,9;-25,7
342808520;-9,52;-55,94;60,2;2,00;-37,5;71,0;-31,9
345780768;-10,12;-72,16;49,8;1,91;-32,8;59,6;-33,3
348753016;-10,56;-84,53;44,2;1,84;-28,6;52,7;-32,9
351725264;-10,63;-96,85;39,5;1,83;-25,2;46,9;-32,6
354697512;-10,47;-108,72;35,5;1,86;-22,1;41,8;-31,9
357669760;-10,12;-120,90;31,8;1,91;-18,9;37,0;-30,7
360642008;-9,51;-133,88;28,2;2,01;-15,3;32,1;-28,5
363614256;-8,79;-149,24;24,7;2,14;-10,6;26,9;-23,2
366586504;-8,31;-166,86;22,5;2,25;-4,6;23,0;-11,6
369558752;-8,13;175,29;21,9;2,29;1,7;21,9;4,4
372531000;-8,01;157,34;22,3;2,32;8,1;23,7;20,0
375503248;-7,94;138,05;23,9;2,34;15,3;28,3;32,6
378475496;-8,01;117,64;27,6;2,32;23,1;35,9;39,9
381447744;-8,18;96,23;34,3;2,28;31,4;46,5;42,4
384419992;-8,48;75,78;44,9;2,21;38,2;58,9;40,4
387392240;-8,79;55,81;60,0;2,14;41,5;73,0;34,7
390364488;-9,11;36,46;78,5;2,08;37,3;86,9;25,4
393336736;-9,47;17,20;94,2;2,01;21,1;96,6;12,6
396308984;-9,83;-1,34;97,6;1,95;-1,6;97,6;-1,0
399281232;-10,16;-20,10;88,0;1,90;-20,8;90,4;-13,3
402253480;-10,58;-38,52;73,0;1,84;-29,5;78,8;-22,0
405225728;-10,99;-56,28;60,0;1,79;-30,6;67,4;-27,0
408197976;-11,51;-73,12;50,7;1,72;-27,8;57,8;-28,7
411170224;-12,06;-88,45;44,7;1,66;-23,8;50,6;-28,0
414142472;-12,80;-101,15;41,5;1,59;-19,7;46,0;-25,4
417114720;-13,34;-109,55;40,1;1,55;-17,0;43,5;-23,0
420086968;-13,16;-115,67;38,4;1,56;-16,0;41,6;-22,6
423059216;-12,06;-124,37;34,9;1,67;-15,3;38,1;-23,7
426031464;-10,73;-140,79;29,8;1,82;-12,0;32,1;-21,9
429003712;-10,15;-163,05;26,7;1,90;-5,4;27,2;-11,3
431975960;-10,44;172,93;27,0;1,86;2,2;27,1;4,6
434948208;-11,48;150,27;30,3;1,73;8,6;31,5;15,9
437920456;-13,18;131,38;35,6;1,56;12,3;37,6;19,1
440892704;-15,19;117,81;40,7;1,42;12,9;42,7;17,6
443864952;-17,16;111,48;43,8;1,32;11,5;45,2;14,7
446837200;-18,13;114,16;44,1;1,28;10,1;45,2;12,9
449809448;-16,99;117,58;42,6;1,33;10,9;43,9;14,4
452781696;-14,65;110,77;41,4;1,45;14,9;44,0;19,7
455753944;-12,27;94,75;42,8;1,64;22,1;48,1;27,3
458726192;-10,52;73,94;49,3;1,85;31,0;58,2;32,2
461698440;-9,17;51,83;63,6;2,07;39,6;74,9;31,9
464670688;-8,08;27,86;92,2;2,30;40,3;100,6;23,6
467642936;-7,27;3,31;125,8;2,53;7,7;126,0;3,5
470615184;-6,79;-20,66;112,0;2,69;-45,7;120,9;-22,2
473587432;-6,54;-43,29;72,6;2,78;-60,2;94,3;-39,7
476559680;-6,43;-64,63;47,2;2,83;-52,7;70,7;-48,2
479531928;-6,46;-85,28;33,7;2,81;-41,3;53,3;-50,8
482504176;-6,58;-105,85;26,4;2,76;-30,6;40,4;-49,1
485476424;-6,84;-126,48;22,7;2,67;-20,9;30,9;-42,7
488448672;-7,18;-146,89;21,0;2,56;-12,4;24,4;-30,6
491420920;-7,63;-167,15;20,9;2,42;-4,7;21,4;-12,6
494393168;-8,27;173,26;22,2;2,26;2,4;22,3;6,1
497365416;-9,07;155,36;24,8;2,09;8,3;26,2;18,5
500337664;-9,92;138,32;28,5;1,94;13,4;31,5;25,3
503309912;-10,76;122,41;32,8;1,82;17,5;37,2;28,1
506282160;-11,43;106,64;37,9;1,73;21,0;43,3;29,0
509254408;-12,06;90,07;44,1;1,66;23,5;50,0;28,0
512226656;-12,77;71,74;52,1;1,60;24,0;57,4;24,7
515198904;-13,76;54,27;59,7;1,52;20,8;63,2;19,2
518171152;-14,80;38,47;64,6;1,44;15,1;66,4;13,2
521143400;-15,81;26,34;66,2;1,39;9,8;66,9;8,4
524115648;-16,43;16,77;66,6;1,36;5,9;66,8;5,1
527087896;-16,40;7,75;67,6;1,36;2,8;67,6;2,4
530060144;-16,17;-3,81;68,3;1,37;-1,4;68,4;-1,2
533032392;-15,93;-16,14;67,8;1,38;-6,2;68,1;-5,2
536004640;-15,77;-27,98;65,9;1,39;-10,3;66,7;-8,9
538976888;-15,43;-38,98;63,4;1,41;-13,9;64,9;-12,4
541949136;-14,83;-49,15;60,8;1,44;-17,2;63,2;-15,8
544921384;-13,80;-61,00;56,8;1,51;-21,2;60,6;-20,4
547893632;-12,51;-76,96;49,7;1,62;-24,3;55,3;-26,1
550865880;-11,59;-95,61;41,5;1,71;-23,4;47,6;-29,4
553838128;-10,90;-115,79;34,6;1,80;-19,3;39,6;-29,2
556810376;-10,69;-135,17;30,5;1,82;-13,7;33,5;-24,2
559782624;-10,69;-154,09;28,4;1,83;-7,9;29,5;-15,6
562754872;-10,75;-172,55;27,6;1,82;-2,3;27,7;-4,7
565727120;-11,00;168,87;28,2;1,78;3,3;28,4;6,7
568699368;-11,42;151,40;30,1;1,73;8,3;31,2;15,5
571671616;-11,67;134,11;32,5;1,71;13,1;35,1;21,9
574643864;-11,67;116,53;35,8;1,71;17,9;40,1;26,6
577616112;-11,65;97,60;40,9;1,71;22,8;46,9;29,1
580588360;-11,57;78,27;48,3;1,72;26,9;55,3;29,1
583560608;-11,61;58,98;58,3;1,71;28,2;64,8;25,8
586532856;-11,63;39,93;69,8;1,71;25,2;74,3;19,9
589505104;-11,66;20,45;80,5;1,71;15,8;82,0;11,1
592477352;-11,57;0,45;85,8;1,72;0,4;85,8;0,3
595449600;-11,67;-20,57;80,4;1,71;-15,8;82,0;-11,1
598421848;-11,85;-41,70;68,4;1,69;-24,9;72,8;-20,0
601394096;-12,24;-61,45;56,9;1,65;-26,0;62,6;-24,5
604366344;-12,68;-79,94;48,6;1,61;-23,5;54,0;-25,8
607338592;-13,19;-97,26;43,1;1,56;-19,7;47,4;-24,5
610310840;-13,90;-113,79;39,9;1,51;-15,3;42,7;-21,1
613283088;-14,73;-128,59;38,3;1,45;-11,4;39,9;-16,5
616255336;-15,52;-142,20;37,6;1,40;-7,9;38,4;-11,9
619227584;-16,35;-155,38;37,6;1,36;-4,9;37,9;-7,4
622199832;-17,28;-167,89;38,1;1,32;-2,2;38,2;-3,3
625172080;-18,45;-179,64;39,3;1,27;-0,1;39,3;-0,1
628144328;-19,78;172,30;40,8;1,23;1,1;40,8;1,6
631116576;-20,62;170,39;41,6;1,21;1,3;41,6;1,8
634088824;-20,30;170,47;41,3;1,21;1,3;41,3;1,8
637061072;-18,64;165,00;39,8;1,26;2,4;39,9;3,5
640033320;-17,07;151,06;38,8;1,33;5,4;39,1;7,9
643005568;-15,98;132,14;39,4;1,38;9,5;40,5;13,6
645977816;-15,57;112,10;42,2;1,40;13,4;44,2;17,6
648950064;-15,67;93,84;46,4;1,39;15,7;48,9;18,7
651922312;-15,79;78,08;50,7;1,39;16,6;53,4;18,1
654894560;-15,68;63,03;55,4;1,39;16,7;57,9;16,8
657866808;-15,39;46,74;61,0;1,41;15,6;63,0;14,3
660839056;-15,16;30,40;66,5;1,42;12,1;67,6;10,3
663811304;-14,86;15,28;70,7;1,44;7,0;71,1;5,6
666783552;-14,24;1,02;74,1;1,48;0,5;74,1;0,4
669755800;-13,48;-14,11;75,3;1,54;-8,1;75,8;-6,2
672728048;-12,59;-30,84;72,5;1,61;-18,5;74,8;-14,3
675700296;-11,82;-48,62;64,3;1,69;-26,5;69,5;-22,4
678672544;-11,17;-66,79;53,8;1,76;-29,6;61,4;-28,8
681644792;-10,66;-85,29;44,0;1,83;-28,1;52,3;-32,6
684617040;-10,31;-104,36;36,4;1,88;-23,8;43,5;-33,1
687589288;-10,10;-123,38;31,3;1,91;-18,1;36,2;-30,1
690561536;-9,84;-142,94;27,7;1,95;-12,0;30,2;-23,4
693533784;-9,70;-162,47;25,8;1,97;-5,7;26,4;-12,5
696506032;-9,65;178,24;25,2;1,98;0,6;25,2;1,3
699478280;-9,67;159,23;25,9;1,98;6,8;26,8;14,6
702450528;-9,75;140,63;27,8;1,96;12,8;30,6;24,8
705422776;-9,88;121,87;31,1;1,94;18,9;36,4;31,3
708395024;-9,97;102,64;36,3;1,93;25,0;44,0;34,5
711367272;-10,09;83,20;44,1;1,91;30,4;53,5;34,6
714339520;-10,13;63,49;55,1;1,90;34,0;64,8;31,7
717311768;-10,18;43,52;69,9;1,90;33,0;77,3;25,3
720284016;-10,22;24,15;85,0;1,89;23,7;88,3;15,6
723256264;-10,29;5,31;93,5;1,88;5,8;93,7;3,6
726228512;-10,44;-13,11;90,1;1,86;-13,5;91,1;-8,5
729200760;-10,57;-31,63;78,2;1,84;-26,6;82,6;-18,8
732173008;-10,79;-49,80;64,5;1,81;-31,0;71,6;-25,7
735145256;-11,01;-68,61;52,7;1,78;-30,0;60,6;-29,7
738117504;-11,33;-87,47;44,1;1,75;-25,8;51,1;-30,3
741089752;-11,70;-106,20;38,4;1,70;-20,6;43,6;-28,2
744062000;-12,21;-124,77;35,1;1,65;-15,0;38,2;-23,2
747034248;-12,94;-142,45;33,7;1,58;-9,8;35,1;-16,1
750006496;-13,78;-159,96;33,6;1,51;-4,9;33,9;-8,3
752978744;-14,78;-176,52;34,6;1,45;-0,8;34,6;-1,3
755950992;-15,98;167,19;36,5;1,38;2,6;36,6;4,1
758923240;-17,19;151,96;38,8;1,32;5,1;39,2;7,5
761895488;-18,32;138,12;41,2;1,28;6,8;41,8;9,3
764867736;-19,30;124,48;43,6;1,24;7,9;44,3;10,2
767839984;-19,98;110,91;45,8;1,22;8,7;46,6;10,7
770812232;-20,27;95,43;48,2;1,21;9,4;49,1;11,0
773784480;-20,63;77,94;51,1;1,21;9,4;52,0;10,4
776756728;-21,17;58,76;54,1;1,19;8,1;54,7;8,6
779728976;-21,91;39,88;56,2;1,17;5,8;56,5;5,9
782701224;-23,11;22,43;56,8;1,15;3,0;56,9;3,1
785673472;-24,40;7,28;56,4;1,13;0,9;56,4;0,9
788645720;-26,03;-4,65;55,2;1,11;-0,4;55,2;-0,5
791617968;-27,61;-7,95;54,3;1,09;-0,6;54,3;-0,7
794590216;-27,24;-1,70;54,5;1,09;-0,1;54,5;-0,1
797562464;-25,45;-4,47;55,6;1,11;-0,5;55,6;-0,5
800534712;-23,88;-15,71;56,5;1,14;-2,0;56,6;-2,0
803506960;-22,77;-27,40;56,8;1,16;-3,8;56,9;-3,8
806479208;-22,16;-40,80;56,0;1,17;-5,7;56,3;-5,9
809451456;-21,57;-50,20;55,2;1,18;-7,1;55,6;-7,4
812423704;-20,95;-58,80;54,2;1,20;-8,4;54,8;-8,8
815395952;-19,92;-68,37;52,9;1,22;-10,0;53,8;-10,7
818368200;-18,86;-78,59;51,0;1,26;-11,6;52,3;-12,8
821340448;-17,76;-89,54;48,5;1,30;-12,8;50,1;-14,7
824312696;-16,64;-102,97;45,0;1,35;-13,2;46,9;-16,3
827284944;-15,55;-118,20;41,0;1,40;-12,4;42,8;-16,8
830257192;-14,82;-135,76;37,4;1,44;-9,8;38,6;-14,7
833229440;-14,18;-154,97;34,5;1,49;-5,9;35,0;-9,8
836201688;-13,70;-175,11;32,9;1,52;-1,2;32,9;-2,1
839173936;-13,46;164,66;32,8;1,54;3,9;33,0;6,7
842146184;-13,30;144,95;34,0;1,55;8,9;35,2;14,6
845118432;-13,22;124,71;36,7;1,56;13,8;39,3;20,7
848090680;-13,22;105,25;41,0;1,56;18,1;44,8;23,9
851062928;-13,19;86,50;46,6;1,56;21,4;51,3;24,7
854035176;-13,09;67,30;54,1;1,57;23,3;58,9;23,3
857007424;-12,90;48,40;63,2;1,59;22,6;67,1;19,6
859979672;-12,70;29,08;73,0;1,60;17,4;75,0;13,4
862951920;-12,52;10,56;79,9;1,62;7,3;80,2;5,2
865924168;-12,28;-7,24;81,6;1,64;-5,3;81,8;-3,7
868896416;-12,06;-24,84;76,9;1,66;-17,2;78,8;-12,6
871868664;-11,87;-41,88;68,2;1,68;-24,8;72,6;-20,0
874840912;-11,77;-58,60;58,5;1,69;-27,6;64,7;-25,2
877813160;-11,83;-75,35;49,9;1,69;-26,5;56,5;-28,0
880785408;-11,87;-92,14;43,1;1,68;-23,5;49,1;-28,6
883757656;-12,02;-109,31;38,1;1,67;-19,2;42,7;-26,8
886729904;-12,32;-126,51;34,9;1,64;-14,5;37,8;-22,5
889702152;-12,65;-143,30;33,1;1,61;-9,8;34,5;-16,4
892674400;-13,15;-159,67;32,6;1,56;-5,2;33,0;-9,1
895646648;-13,68;-175,62;32,9;1,52;-1,1;32,9;-1,9
898618896;-14,31;169,29;34,0;1,48;2,5;34,1;4,2
901591144;-15,06;153,83;35,9;1,43;5,8;36,4;9,1
904563392;-16,00;139,18;38,5;1,38;8,2;39,4;12,0
907535640;-16,71;127,22;40,9;1,34;9,7;42,0;13,4
910507888;-16,96;115,54;42,9;1,33;11,2;44,3;14,6
913480136;-16,74;101,72;45,3;1,34;13,2;47,2;16,2
916452384;-16,33;85,97;48,7;1,36;15,2;51,1;17,3
919424632;-15,82;68,77;53,6;1,39;16,6;56,1;17,2
922396880;-15,42;50,85;59,6;1,41;16,1;61,7;15,1
925369128;-15,11;33,84;65,6;1,43;13,2;66,9;11,4
928341376;-14,82;17,33;70,5;1,44;7,9;70,9;6,4
931313624;-14,47;1,78;73,3;1,47;0,9;73,3;0,7
934285872;-14,08;-13,27;73,4;1,49;-6,9;73,8;-5,4
937258120;-13,63;-28,63;70,6;1,53;-14,7;72,1;-11,8
940230368;-13,16;-43,89;65,1;1,56;-20,8;68,3;-17,8
943202616;-12,67;-59,56;57,8;1,61;-24,5;62,8;-23,0
946174864;-12,28;-75,60;50,1;1,64;-25,1;56,1;-26,6
949147112;-11,88;-91,80;43,3;1,68;-23,5;49,3;-28,6
952119360;-11,61;-108,36;37,7;1,71;-20,2;42,8;-28,2
955091608;-11,52;-125,30;33,7;1,72;-15,7;37,2;-25,0
958063856;-11,63;-142,54;31,4;1,71;-10,7;33,1;-18,9
961036104;-11,86;-159,17;30,3;1,69;-5,9;30,9;-11,0
964008352;-12,18;-176,13;30,3;1,65;-1,1;30,3;-2,0
966980600;-12,51;166,46;31,1;1,62;3,7;31,3;6,7
969952848;-12,90;148,63;33,0;1,59;8,2;34,0;14,0
972925096;-13,35;130,76;35,9;1,55;12,3;38,0;18,9
975897344;-13,86;113,30;39,9;1,51;15,5;42,8;21,2
978869592;-14,30;96,62;44,5;1,48;17,7;47,9;21,7
981841840;-14,54;80,17;49,7;1,46;19,0;53,2;21,0
984814088;-14,78;64,44;55,2;1,45;18,8;58,3;18,8
987786336;-14,87;48,73;60,9;1,44;17,1;63,2;15,7
990758584;-14,86;33,53;66,1;1,44;13,6;67,5;11,7
993730832;-14,73;18,45;70,5;1,45;8,5;71,0;6,8
996703080;-14,53;4,30;73,0;1,46;2,1;73,0;1,7
999675328;-14,16;-8,94;73,8;1,49;-4,7;74,0;-3,6
1002647576;-13,61;-22,03;72,8;1,53;-11,9;73,8;-9,3
1005619824;-12,93;-35,47;69,4;1,58;-19,2;72,0;-15,4
1008592072;-12,24;-49,44;63,4;1,65;-25,0;68,1;-21,5
1011564320;-11,60;-64,61;55,2;1,71;-28,1;61,9;-27,0
1014536568;-11,16;-80,17;47,0;1,77;-27,8;54,6;-30,6
1017508816;-10,90;-96,03;40,2;1,80;-24,9;47,3;-31,7
1020481064;-10,85;-112,02;35,4;1,80;-20,5;40,9;-30,1
1023453312;-10,88;-128,11;32,0;1,80;-15,7;35,6;-26,1
1026425560;-10,97;-143,84;29,9;1,79;-10,9;31,8;-19,9
1029397808;-11,12;-159,96;28,8;1,77;-6,0;29,5;-11,7
1032370056;-11,23;-176,24;28,5;1,76;-1,1;28,5;-2,2
1035342304;-11,32;167,53;28,9;1,75;3,7;29,1;7,2
1038314552;-11,35;150,53;30,0;1,74;8,6;31,2;16,0
1041286800;-11,39;133,07;32,2;1,74;13,7;35,0;23,0
1044259048;-11,39;133,07;32,2;1,74;13,7;35,0;23,0
1047231296;-11,39;133,07;32,2;1,74;13,7;35,0;23,0
1050203544;-10,83;126,03;32,3;1,81;16,4;36,2;26,9
1053175792;-11,51;56,48;59,8;1,72;28,5;66,2;25,5
1056148040;-11,56;38,08;71,1;1,72;24,9;75,4;19,3
1059120288;-11,60;19,61;81,1;1,71;15,4;82,6;10,7
1062092536;-11,56;2,10;85,8;1,72;1,8;85,9;1,2
1065064784;-11,47;-14,53;83,8;1,73;-12,1;84,6;-8,2
1068037032;-11,45;-30,98;75,8;1,73;-22,5;79,0;-16,5
1071009280;-11,42;-46,34;66,2;1,73;-27,7;71,7;-22,7
1073981528;-11,40;-61,09;57,1;1,74;-29,0;64,0;-26,9
1076953776;-11,48;-75,62;49,5;1,73;-27,5;56,6;-29,1
1079926024;-11,56;-88,82;43,9;1,72;-24,9;50,5;-29,6
1082898272;-11,78;-102,07;39,8;1,69;-21,4;45,2;-28,3
1085870520;-11,98;-114,97;36,7;1,67;-17,9;40,8;-26,0
1088842768;-12,15;-127,89;34,4;1,66;-14,3;37,3;-22,5
1091815016;-12,30;-141,03;32,8;1,64;-10,6;34,4;-18,0
1094787264;-12,40;-154,91;31,6;1,63;-6,8;32,3;-12,2
1097759512;-12,37;-169,14;30,8;1,63;-3,0;30,9;-5,5
1100731760;-12,34;175,32;30,6;1,64;1,3;30,6;2,4
1103704008;-12,31;158,85;31,1;1,64;5,8;31,7;10,5
1106676256;-12,37;141,82;32,8;1,63;10,4;34,4;17,5
1109648504;-12,48;123,91;35,7;1,62;14,9;38,7;22,7
1112620752;-12,53;105,67;39,9;1,62;19,2;44,3;25,7
1115593000;-12,51;86,39;46,0;1,62;23,0;51,4;26,6
1118565248;-12,52;66,73;54,3;1,62;25,0;59,8;24,7
1121537496;-12,40;47,18;64,4;1,63;24,1;68,8;20,5
1124509744;-12,27;28,73;74,4;1,64;18,5;76,7;14,0
1127481992;-12,14;11,15;81,5;1,66;8,3;81,9;5,8
1130454240;-12,04;-5,62;83,0;1,67;-4,3;83,1;-3,0
1133426488;-11,98;-20,99;79,0;1,67;-15,2;80,4;-10,9
1136398736;-11,96;-35,76;71,6;1,68;-22,5;75,0;-17,5
1139370984;-11,87;-49,50;63,7;1,68;-26,4;69,0;-22,5
1142343232;-11,81;-63,25;55,9;1,69;-27,5;62,3;-26,1
1145315480;-11,77;-76,72;49,2;1,70;-26,5;55,9;-28,3
1148287728;-11,74;-90,84;43,4;1,70;-24,1;49,6;-29,0
1151259976;-11,73;-105,51;38,7;1,70;-20,7;43,9;-28,2
1154232224;-11,77;-120,09;35,2;1,70;-16,8;39,0;-25,6
1157204472;-11,91;-135,38;32,8;1,68;-12,5;35,1;-20,9
1160176720;-12,21;-150,42;31,6;1,65;-8,1;32,7;-14,4
1163148968;-12,63;-165,83;31,4;1,61;-3,8;31,6;-6,9
1166121216;-13,21;178,86;32,1;1,56;0,3;32,1;0,5
1169093464;-13,81;163,40;33,4;1,51;4,1;33,7;6,9
1172065712;-14,33;148,12;35,3;1,48;7,4;36,1;11,9
1175037960;-14,75;132,87;37,7;1,45;10,5;39,1;15,5
1178010208;-14,92;116,91;40,5;1,44;13,4;42,7;18,3
1180982456;-14,90;100,90;44,0;1,44;16,0;46,8;20,0
1183954704;-14,60;83,90;48,5;1,46;18,6;52,0;21,0
1186926952;-14,07;66,95;54,3;1,49;20,6;58,1;20,8
1189899200;-13,47;50,38;61,7;1,54;21,1;65,2;18,9
1192871448;-12,78;33,73;70,6;1,60;19,0;73,1;15,1
1195843696;-12,13;16,87;79,9;1,66;12,2;80,8;8,7
1198815944;-11,54;0,01;86,0;1,72;0,0;86,0;0,0
1201788192;-11,05;-16,58;85,1;1,78;-14,8;86,4;-9,8
1204760440;-10,63;-33,16;76,9;1,83;-27,1;81,5;-19,4
1207732688;-10,32;-49,85;64,8;1,88;-33,3;72,9;-27,2
1210704936;-10,16;-66,33;53,3;1,90;-33,5;63,0;-32,2
1213677184;-10,19;-82,79;44,4;1,90;-30,2;53,7;-34,2
1216649432;-10,35;-98,39;38,4;1,87;-25,5;46,1;-33,5
1219621680;-10,64;-113,36;34,6;1,83;-20,4;40,2;-30,5
1222593928;-11,04;-128,36;32,3;1,78;-15,4;35,8;-25,5
1225566176;-11,58;-143,14;31,2;1,72;-10,6;32,9;-18,8
1228538424;-12,20;-158,10;31,0;1,65;-6,0;31,6;-11,0
1231510672;-12,80;-173,32;31,4;1,59;-1,8;31,5;-3,2
1234482920;-13,39;171,18;32,5;1,54;2,2;32,6;3,9
1237455168;-13,86;154,58;34,1;1,51;6,2;34,6;10,3
1240427416;-14,31;136,20;36,6;1,48;10,1;38,0;15,5
1243399664;-14,53;117,97;39,8;1,46;13,7;42,1;19,0
1246371912;-14,76;99,61;44,2;1,45;16,5;47,1;20,4
1249344160;-14,83;81,30;49,4;1,44;18,3;52,7;20,3
1252316408;-14,69;63,26;55,6;1,45;19,0;58,8;18,8
1255288656;-14,48;45,45;62,6;1,47;17,4;64,9;15,6
1258260904;-14,22;27,98;69,3;1,48;13,1;70,5;10,7
1261233152;-13,87;11,91;74,4;1,51;6,5;74,6;5,0
1264205400;-13,51;-2,74;76,7;1,54;-1,6;76,7;-1,2
1267177648;-13,10;-16,99;76,0;1,57;-10,3;76,7;-7,7
1270149896;-12,68;-30,26;72,5;1,61;-17,9;74,7;-13,9
1273122144;-12,32;-43,02;66,8;1,64;-23,5;70,8;-19,3
1276094392;-11,98;-55,92;59,9;1,67;-26,7;65,6;-24,0
1279066640;-11,73;-68,76;53,0;1,70;-27,5;59,7;-27,4
1282038888;-11,57;-82,80;46,4;1,72;-26,1;53,2;-29,4
1285011136;-11,53;-97,50;40,8;1,72;-23,1;46,9;-29,5
1287983384;-11,71;-113,10;36,7;1,70;-18,8;41,2;-27,1
1290955632;-12,03;-129,01;34,0;1,67;-14,1;36,8;-22,5
1293927880;-12,58;-145,94;32,7;1,61;-9,1;34,0;-15,6
1296900128;-13,27;-163,17;32,6;1,55;-4,3;32,9;-7,5
1299872376;-14,00;179,02;33,4;1,50;0,2;33,4;0,4
1302844624;-15,03;161,83;35,4;1,43;4,0;35,6;6,5
1305816872;-16,15;142,81;38,3;1,37;7,4;39,0;10,9
1308789120;-17,04;122,76;41,8;1,33;10,1;43,0;13,6
1311761368;-17,71;101,45;46,0;1,30;11,9;47,5;14,6
1314733616;-18,21;78,96;50,9;1,28;12,5;52,4;13,8
1317705864;-18,23;58,45;55,5;1,28;11,8;56,8;12,0
1320678112;-18,22;38,06;59,9;1,28;9,2;60,6;8,7
1323650360;-17,94;21,05;63,1;1,29;5,8;63,4;5,3
1326622608;-17,61;5,80;65,1;1,30;1,8;65,1;1,6
1329594856;-17,19;-8,52;65,8;1,32;-2,7;65,8;-2,4
1332567104;-17,01;-21,08;64,8;1,33;-6,7;65,1;-5,9
1335539352;-16,90;-33,14;62,7;1,33;-10,0;63,5;-9,1
1338511600;-16,92;-43,83;60,1;1,33;-12,1;61,3;-11,4
1341483848;-16,90;-53,40;57,6;1,33;-13,5;59,2;-13,2
1344456096;-16,89;-62,31;55,2;1,33;-14,3;57,0;-14,5
1347428344;-16,93;-70,78;52,9;1,33;-14,5;54,8;-15,4
1350400592;-16,89;-79,43;50,6;1,33;-14,5;52,6;-16,0
1353372840;-16,92;-86,77;48,8;1,33;-14,2;50,8;-16,2
1356345088;-16,76;-93,21;47,2;1,34;-14,0;49,2;-16,5
1359317336;-16,53;-101,71;45,2;1,35;-13,5;47,1;-16,6
1362289584;-16,31;-111,33;43,0;1,36;-12,6;44,8;-16,3
1365261832;-16,25;-123,75;40,9;1,36;-10,7;42,2;-14,7
1368234080;-16,29;-135,14;39,3;1,36;-8,7;40,3;-12,5
1371206328;-16,37;-149,09;38,1;1,36;-6,1;38,5;-9,1
1374178576;-16,76;-164,83;37,6;1,34;-2,9;37,7;-4,4
1377150824;-17,05;179,09;37,7;1,33;0,2;37,7;0,3
1380123072;-17,56;159,77;38,8;1,31;3,6;39,0;5,3
1383095320;-17,76;138,06;40,7;1,30;7,1;41,3;10,0
1386067568;-17,75;118,08;43,2;1,30;10,0;44,3;13,1
1389039816;-17,49;97,56;46,6;1,31;12,6;48,3;15,1
1392012064;-16,66;77,94;50,9;1,34;15,0;53,1;16,4
1394984312;-15,73;60,03;56,4;1,39;16,4;58,7;16,2
1397956560;-14,89;42,10;63,2;1,44;15,8;65,2;14,0
1400928808;-13,85;25,00;71,2;1,51;12,7;72,3;10,1
1403901056;-12,89;8,95;78,6;1,59;5,8;78,8;4,3
1406873304;-12,11;-7,22;82,4;1,66;-5,5;82,6;-3,8
1409845552;-11,41;-23,40;80,1;1,74;-18,4;82,2;-13,0
1412817800;-10,84;-39,12;72,0;1,81;-28,5;77,5;-21,6
1415790048;-10,45;-54,31;61,5;1,86;-33,0;69,8;-28,2
1418762296;-10,20;-69,87;51,2;1,89;-32,9;60,9;-32,7
1421734544;-10,08;-84,95;43,2;1,91;-29,9;52,6;-34,7
1424706792;-10,25;-100,04;37,7;1,89;-25,2;45,3;-33,8
1427679040;-10,63;-116,04;34,0;1,83;-19,6;39,2;-30,0
1430651288;-11,18;-132,48;31,9;1,76;-14,0;34,8;-23,8
1433623536;-11,76;-148,65;30,9;1,70;-8,9;32,2;-16,1
1436595784;-12,43;-166,17;31,0;1,63;-3,8;31,2;-6,9
1439568032;-13,11;175,16;31,9;1,57;1,3;32,0;2,2
1442540280;-13,79;154,93;33,9;1,51;6,1;34,5;10,2
1445512528;-14,40;134,06;37,0;1,47;10,5;38,5;15,9
1448484776;-14,81;111,88;41,4;1,44;14,4;43,8;19,2
1451457024;-15,04;90,16;46,9;1,43;17,2;50,0;20,1
1454429272;-14,99;68,79;53,6;1,43;18,4;56,7;18,9
1457401520;-14,72;47,52;61,5;1,45;17,2;63,9;15,7
1460373768;-14,27;28,67;68,9;1,48;13,3;70,2;10,9
1463346016;-13,87;10,99;74,5;1,51;6,0;74,8;4,6
1466318264;-13,40;-4,93;77,0;1,54;-3,0;77,1;-2,2
1469290512;-13,07;-19,90;75,2;1,57;-12,0;76,2;-9,0
1472262760;-12,97;-33,97;70,0;1,58;-18,5;72,4;-14,8
1475235008;-13,11;-46,84;63,7;1,57;-21,6;67,3;-18,7
1478207256;-13,27;-59,62;57,6;1,55;-22,6;61,9;-21,5
1481179504;-13,69;-72,02;52,3;1,52;-21,5;56,5;-22,3
1484151752;-14,39;-83,20;48,6;1,47;-19,1;52,2;-21,5
1487124000;-15,14;-94,14;45,9;1,42;-16,5;48,8;-19,8
1490096248;-16,05;-104,95;44,1;1,37;-13,8;46,2;-17,3
1493068496;-17,09;-113,23;43,4;1,32;-11,4;44,9;-14,7
1496040744;-18,35;-121,23;43,2;1,28;-9,1;44,2;-11,9
1499012992;-19,67;-125,94;43,7;1,23;-7,4;44,3;-9,6
1501985240;-20,79;-131,28;43,9;1,20;-6,1;44,3;-7,9
1504957488;-21,39;-138,41;43,7;1,19;-5,0;44,0;-6,5
1507929736;-22,42;-145,61;44,0;1,16;-3,8;44,1;-4,9
1510901984;-23,18;-157,85;43,9;1,15;-2,3;44,0;-3,0
1513874232;-23,47;-173,50;43,7;1,14;-0,7;43,8;-0,9
1516846480;-24,47;164,31;44,5;1,13;1,4;44,6;1,9
1519818728;-24,34;133,37;45,8;1,13;4,1;46,0;5,1
1522790976;-23,93;135,52;45,5;1,14;4,1;45,7;5,1
1525763224;-23,93;135,52;45,5;1,14;4,1;45,7;5,1
1528735472;-23,93;135,52;45,5;1,14;4,1;45,7;5,1
1531707720;-8,81;56,15;59,7;2,14;41,4;72,7;34,8
1534679968;-16,83;20,28;65,2;1,34;6,7;65,6;5,8
1537652216;-15,56;5,70;69,8;1,40;2,4;69,9;1,9
1540624464;-14,45;-7,50;73,0;1,47;-3,7;73,1;-2,9
1543596712;-13,59;-19,90;73,5;1,53;-10,9;74,3;-8,5
1546568960;-12,87;-32,04;71,1;1,59;-18,1;73,4;-14,3
1549541208;-12,37;-44,02;66,2;1,63;-23,5;70,2;-19,5
1552513456;-12,10;-56,38;59,6;1,66;-26,3;65,2;-23,8
1555485704;-12,02;-69,14;53,0;1,67;-26,5;59,2;-26,5
1558457952;-12,13;-82,41;47,1;1,66;-24,6;53,2;-27,6
1561430200;-12,47;-96,10;42,6;1,62;-21,4;47,7;-26,7
1564402448;-12,93;-110,11;39,3;1,58;-17,6;43,1;-24,1
1567374696;-13,56;-124,91;37,2;1,53;-13,4;39,6;-19,8
1570346944;-14,37;-140,66;36,2;1,47;-9,1;37,3;-14,1
1573319192;-15,44;-157,79;36,2;1,41;-4,8;36,5;-7,5
1576291440;-16,72;-176,93;37,3;1,34;-0,6;37,3;-0,9
1579263688;-18,10;160,92;39,4;1,28;3,3;39,5;4,7
1582235936;-19,39;134,56;42,5;1,24;6,6;43,0;8,8
1585208184;-20,00;104,47;46,7;1,22;9,1;47,6;11,1
1588180432;-19,64;74,42;51,8;1,23;10,5;52,8;11,5
1591152680;-18,81;49,03;57,2;1,26;10,0;58,1;10,0
1594124928;-17,83;28,80;62,1;1,29;7,8;62,6;7,2
1597097176;-16,80;12,01;66,3;1,34;4,1;66,5;3,5
1600069424;-16,04;-3,04;68,7;1,37;-1,2;68,7;-1,0
1603041672;-15,45;-16,59;68,9;1,41;-6,8;69,3;-5,7
1606013920;-15,05;-29,23;67,0;1,43;-11,9;68,1;-10,1
1608986168;-14,79;-40,92;63,8;1,45;-15,8;65,7;-13,9
1611958416;-14,70;-52,20;59,8;1,45;-18,0;62,4;-16,8
1614930664;-14,82;-62,76;55,8;1,44;-18,6;58,8;-18,5
1617902912;-15,03;-72,40;52,4;1,43;-18,3;55,5;-19,2
1620875160;-15,47;-80,75;49,9;1,41;-17,1;52,7;-18,9
1623847408;-15,90;-88,25;48,0;1,38;-15,8;50,5;-18,2
1626819656;-16,39;-95,38;46,5;1,36;-14,3;48,6;-17,2
1629791904;-16,80;-101,95;45,3;1,34;-13,1;47,1;-16,1
1632764152;-17,32;-109,16;44,3;1,32;-11,6;45,8;-14,7
1635736400;-17,74;-116,88;43,3;1,30;-10,2;44,5;-13,3
1638708648;-18,37;-127,51;42,4;1,27;-8,2;43,2;-11,0
1641680896;-19,24;-140,77;41,8;1,24;-5,8;42,2;-8,0
1644653144;-20,51;-157,13;41,9;1,21;-3,1;42,0;-4,2
1647625392;-22,30;-178,70;42,9;1,17;-0,2;42,9;-0,2
1650597640;-24,33;153,94;44,8;1,13;2,4;44,8;3,1
1653569888;-25,55;118,74;47,3;1,11;4,4;47,5;5,3
1656542136;-24,88;82,49;50,4;1,12;5,7;50,7;6,5
1659514384;-23,06;54,22;53,9;1,15;6,2;54,3;6,5
1662486632;-21,31;33,60;57,4;1,19;5,5;57,7;5,5
1665458880;-19,63;17,04;61,0;1,23;3,8;61,1;3,5
1668431128;-18,21;3,66;64,0;1,28;1,0;64,0;0,9
1671403376;-17,05;-8,95;66,0;1,33;-2,9;66,1;-2,6
1674375624;-16,12;-19,87;66,8;1,37;-7,3;67,2;-6,2
1677347872;-15,33;-30,83;66,0;1,41;-11,9;67,1;-10,2
1680320120;-14,71;-41,60;63,7;1,45;-16,1;65,7;-14,2
1683292368;-14,39;-53,32;59,6;1,47;-18,9;62,5;-17,6
1686264616;-14,37;-64,81;55,1;1,47;-19,8;58,6;-19,8
1689236864;-14,59;-76,15;51,0;1,46;-19,1;54,5;-20,6
1692209112;-15,02;-88,33;47,4;1,43;-17,4;50,5;-20,1
1695181360;-15,71;-100,77;44,7;1,39;-14,8;47,1;-18,3
1698153608;-16,76;-113,93;43,0;1,34;-11,7;44,5;-15,2
1701125856;-18,12;-127,69;42,2;1,28;-8,4;43,0;-11,3
1704098104;-19,90;-142,70;42,3;1,23;-5,2;42,6;-7,1
1707070352;-22,12;-158,97;43,1;1,17;-2,4;43,2;-3,2
1710042600;-24,72;-179,28;44,5;1,12;-0,1;44,5;-0,1
1713014848;-27,55;153,30;46,4;1,09;1,8;46,4;2,2
1715987096;-28,67;114,80;48,4;1,08;3,2;48,5;3,8
1718959344;-27,28;79,07;50,6;1,09;4,3;50,8;4,9
1721931592;-24,82;54,78;53,2;1,12;5,0;53,4;5,4
1724903840;-22,38;37,75;56,1;1,16;5,3;56,4;5,3
1727876088;-20,37;25,11;59,3;1,21;4,9;59,5;4,7
1730848336;-18,62;13,34;62,8;1,27;3,4;62,9;3,1
1733820584;-17,23;2,34;65,9;1,32;0,8;65,9;0,7
1736792832;-16,16;-9,18;68,0;1,37;-3,5;68,1;-2,9
1739765080;-15,42;-20,80;68,2;1,41;-8,5;68,7;-7,1
1742737328;-14,94;-32,41;66,3;1,44;-13,1;67,6;-11,2
1745709576;-14,75;-44,08;62,7;1,45;-16,5;64,9;-14,8
1748681824;-14,85;-55,56;58,4;1,44;-18,0;61,1;-17,1
1751654072;-15,11;-66,95;54,2;1,43;-18,1;57,2;-18,4
1754626320;-15,63;-77,77;50,8;1,40;-16,9;53,5;-18,4
1757598568;-16,35;-88,59;48,1;1,36;-15,0;50,4;-17,3
1760570816;-17,16;-99,54;46,0;1,32;-12,8;47,8;-15,6
1763543064;-18,31;-110,88;44,7;1,28;-10,3;45,9;-13,0
1766515312;-19,83;-123,67;44,0;1,23;-7,6;44,7;-9,7
1769487560;-22,07;-139,59;44,1;1,17;-4,5;44,4;-5,9
1772459808;-25,02;-163,00;44,9;1,12;-1,5;44,9;-1,9
1775432056;-28,63;155,90;46,7;1,08;1,4;46,7;1,7
1778404304;-28,03;94,30;49,5;1,08;3,9;49,7;4,5
1781376552;-24,23;55,73;53,3;1,13;5,4;53,6;5,8
1784348800;-21,09;32,93;57,7;1,19;5,6;58,0;5,5
1787321048;-18,90;15,52;62,1;1,26;3,8;62,3;3,5
1790293296;-17,40;0,42;65,6;1,31;0,1;65,6;0,1
1793265544;-16,39;-13,01;67,1;1,36;-4,7;67,3;-4,0
1796237792;-15,72;-25,77;66,5;1,39;-9,7;67,2;-8,3
1799210040;-15,32;-36,99;64,2;1,41;-13,6;65,7;-12,0
1802182288;-15,17;-47,95;60,8;1,42;-16,2;63,0;-14,9
1805154536;-15,29;-58,81;57,0;1,42;-17,3;59,5;-16,9
1808126784;-15,74;-69,00;53,5;1,39;-16,8;56,1;-17,4
1811099032;-16,48;-78,15;50,9;1,35;-15,3;53,1;-16,7
1814071280;-17,48;-86,42;49,0;1,31;-13,3;50,8;-15,2
1817043528;-18,73;-93,36;48,0;1,26;-11,3;49,3;-13,2
1820015776;-20,16;-99,95;47,5;1,22;-9,3;48,3;-11,0
1822988024;-21,83;-104,67;47,4;1,18;-7,5;48,0;-9,0
1825960272;-24,14;-110,73;47,5;1,13;-5,5;47,9;-6,6
1828932520;-27,82;-117,70;48,0;1,08;-3,5;48,1;-4,1
1831904768;-34,76;-120,11;49,1;1,04;-1,6;49,1;-1,8
1834877016;-42,28;25,97;50,7;1,02;0,3;50,7;0,4
1837849264;-28,99;31,09;53,1;1,07;2,0;53,1;2,1
1840821512;-23,87;22,51;56,2;1,14;2,8;56,3;2,8
1843793760;-20,50;11,66;60,1;1,21;2,3;60,2;2,2
1846766008;-18,25;-0,44;63,9;1,28;-0,1;63,9;-0,1
1849738256;-16,63;-12,19;66,7;1,35;-4,2;66,8;-3,6
1852710504;-15,48;-24,21;67,3;1,40;-9,6;68,0;-8,1
1855682752;-14,82;-36,77;65,2;1,44;-14,6;66,8;-12,7
1858655000;-14,59;-48,62;61,2;1,46;-17,8;63,7;-16,2
1861627248;-14,76;-60,20;56,7;1,45;-18,6;59,7;-18,2
1864599496;-15,31;-71,37;52,8;1,41;-17,7;55,6;-18,5
1867571744;-16,18;-81,60;49,9;1,37;-15,7;52,3;-17,5
1870543992;-17,44;-91,35;47,9;1,31;-13,1;49,7;-15,3
1873516240;-18,96;-100,09;46,9;1,25;-10,5;48,1;-12,7
1876488488;-20,93;-107,56;46,7;1,20;-8,1;47,4;-9,8
1879460736;-23,54;-112,40;47,2;1,14;-5,8;47,5;-7,0
1882432984;-26,81;-115,67;47,9;1,10;-4,0;48,1;-4,7
1885405232;-31,70;-108,51;49,1;1,05;-2,4;49,2;-2,8
1888377480;-37,47;-62,89;50,6;1,03;-1,2;50,6;-1,4
1891349728;-33,29;-7,88;52,2;1,04;-0,3;52,2;-0,3
1894321976;-27,45;2,49;54,4;1,09;0,2;54,4;0,2
1897294224;-24,00;0,30;56,7;1,13;0,0;56,7;0,0
1900266472;-21,59;-6,81;59,0;1,18;-1,2;59,0;-1,1
1903238720;-20,05;-14,92;60,5;1,22;-3,1;60,6;-3,0
1906210968;-19,17;-23,91;60,9;1,25;-5,5;61,2;-5,2
1909183216;-18,67;-32,40;60,4;1,26;-7,6;60,9;-7,2
1912155464;-18,66;-39,46;59,2;1,26;-8,9;59,8;-8,5
1915127712;-18,98;-46,97;57,5;1,25;-9,6;58,2;-9,4
1918099960;-19,42;-50,70;56,4;1,24;-9,4;57,2;-9,5
1921072208;-19,97;-52,07;55,8;1,22;-8,9;56,5;-9,1
1924044456;-20,12;-52,38;55,7;1,22;-8,8;56,4;-9,0
1927016704;-20,12;-52,21;55,7;1,22;-8,8;56,4;-8,9
1929988952;-19,82;-54,45;55,5;1,23;-9,3;56,3;-9,5
1932961200;-19,69;-56,90;55,1;1,23;-9,7;56,0;-10,0
1935933448;-19,61;-62,34;54,1;1,23;-10,1;55,1;-10,6
1938905696;-19,69;-68,71;52,9;1,23;-10,3;53,9;-11,0
1941877944;-19,86;-76,18;51,5;1,23;-10,3;52,5;-11,3
1944850192;-20,61;-84,78;50,0;1,21;-9,4;50,8;-10,6
1947822440;-22,12;-91,91;49,1;1,17;-7,7;49,7;-9,0
1950794688;-24,25;-99,29;48,7;1,13;-5,9;49,0;-6,9
1953766936;-27,78;-101,37;49,0;1,09;-3,9;49,2;-4,6
1956739184;-33,40;-87,64;50,0;1,04;-2,1;50,1;-2,4
1959711432;-34,99;-26,99;51,6;1,04;-0,8;51,6;-0,9
1962683680;-29,08;1,13;53,6;1,07;0,1;53,6;0,1
1965655928;-25,32;0,94;55,7;1,11;0,1;55,7;0,1
1968628176;-22,82;-2,54;57,8;1,16;-0,4;57,8;-0,4
1971600424;-21,19;-8,03;59,4;1,19;-1,5;59,5;-1,4
1974572672;-20,02;-14,26;60,6;1,22;-3,0;60,7;-2,8
1977544920;-19,14;-19,94;61,4;1,25;-4,7;61,6;-4,4
1980517168;-18,45;-25,28;61,7;1,27;-6,4;62,1;-5,9
1983489416;-17,81;-31,51;61,7;1,30;-8,4;62,3;-7,8
1986461664;-17,36;-37,67;61,1;1,31;-10,3;61,9;-9,6
1989433912;-16,96;-44,88;59,8;1,33;-12,2;61,0;-11,5
1992406160;-16,94;-52,54;57,8;1,33;-13,3;59,3;-13,0
1995378408;-17,06;-59,64;55,8;1,33;-13,8;57,5;-13,9
1998350656;-17,32;-65,81;54,1;1,32;-13,7;55,8;-14,2
2001322904;-17,84;-71,35;52,6;1,29;-13,0;54,2;-13,9
2004295152;-18,35;-75,53;51,6;1,28;-12,3;53,1;-13,4
2007267400;-18,93;-79,39;50,8;1,26;-11,4;52,1;-12,7
2010239648;-19,50;-83,14;50,1;1,24;-10,7;51,3;-12,0
2013211896;-20,08;-87,33;49,5;1,22;-9,9;50,5;-11,3
2016184144;-20,84;-93,20;48,7;1,20;-8,9;49,5;-10,4
2019156392;-22,06;-99,99;48,1;1,17;-7,5;48,7;-8,9
2022128640;-23,96;-108,02;47,7;1,14;-5,8;48,1;-6,9
2025100888;-26,99;-118,61;47,8;1,09;-3,8;47,9;-4,5
2028073136;-33,08;-135,32;48,4;1,05;-1,5;48,4;-1,8
2031045384;-45,61;100,02;49,9;1,01;0,5;49,9;0,6
2034017632;-30,56;44,92;52,1;1,06;2,2;52,1;2,4
2036989880;-24,76;29,68;55,2;1,12;3,2;55,3;3,3
2039962128;-21,36;18,38;58,7;1,19;3,2;58,8;3,1
2042934376;-18,95;7,46;62,6;1,25;1,9;62,6;1,7
2045906624;-17,24;-4,94;65,8;1,32;-1,6;65,9;-1,4
2048878872;-15,97;-16,73;67,6;1,38;-6,3;67,9;-5,4
2051851120;-15,12;-27,81;67,3;1,43;-11,4;68,2;-9,6
2054823368;-14,66;-39,27;64,6;1,45;-15,7;66,4;-13,6
2057795616;-14,54;-50,18;60,7;1,46;-18,1;63,3;-16,6
2060767864;-14,77;-61,10;56,4;1,45;-18,7;59,4;-18,3
2063740112;-15,30;-71,34;52,8;1,42;-17,7;55,7;-18,6
2066712360;-16,15;-81,43;49,9;1,37;-15,7;52,3;-17,5
2069684608;-17,34;-90,22;48,1;1,31;-13,3;49,9;-15,5
2072656856;-18,93;-97,95;47,3;1,26;-10,7;48,5;-12,8
2075629104;-20,79;-103,21;47,2;1,20;-8,5;48,0;-10,2
2078601352;-22,99;-105,92;47,7;1,15;-6,5;48,1;-7,8
2081573600;-25,36;-101,76;48,6;1,11;-5,2;48,9;-6,0
2084545848;-27,05;-90,71;49,7;1,09;-4,4;49,9;-5,1
2087518096;-27,50;-77,87;50,7;1,09;-4,2;50,9;-4,7
2090490344;-27,28;-68,53;51,4;1,09;-4,1;51,6;-4,6
2093462592;-27,28;-64,75;51,7;1,09;-4,1;51,9;-4,5
2096434840;-27,47;-64,71;51,7;1,09;-4,0;51,8;-4,4
2099407088;-28,51;-60,98;51,7;1,08;-3,4;51,9;-3,8
2102379336;-29,91;-52,57;51,9;1,07;-2,6;52,0;-2,9
2105351584;-30,42;-31,31;52,6;1,06;-1,6;52,6;-1,8
2108323832;-28,62;-10,57;53,8;1,08;-0,7;53,8;-0,8
2111296080;-26,19;-1,26;55,2;1,10;-0,1;55,2;-0,1
2114268328;-23,71;0,54;57,0;1,14;0,1;57,0;0,1
2117240576;-21,57;-1,04;59,1;1,18;-0,2;59,1;-0,2
2120212824;-19,87;-4,68;61,2;1,23;-1,0;61,3;-1,0
2123185072;-18,33;-9,28;63,5;1,28;-2,5;63,6;-2,3
2126157320;-17,09;-15,51;65,4;1,33;-5,0;65,5;-4,4
2129129568;-16,04;-23,19;66,4;1,37;-8,5;66,9;-7,3
2132101816;-15,06;-32,36;66,1;1,43;-12,9;67,4;-11,0
2135074064;-14,32;-42,14;64,1;1,48;-17,2;66,3;-15,0
2138046312;-13,83;-52,69;60,3;1,51;-20,4;63,7;-18,7
2141018560;-13,46;-64,03;55,6;1,54;-22,2;59,8;-21,8
2143990808;-13,31;-75,64;50,7;1,55;-22,3;55,4;-23,7
2146963056;-13,33;-88,06;46,2;1,55;-20,9;50,7;-24,3
2149935304;-13,56;-100,88;42,5;1,53;-18,4;46,3;-23,3
2152907552;-14,13;-114,74;40,0;1,49;-14,8;42,6;-20,4
2155879800;-14,84;-129,45;38,3;1,44;-11,1;39,9;-16,1
2158852048;-15,77;-146,66;37,5;1,39;-6,9;38,1;-10,4
2161824296;-16,89;-165,84;37,7;1,33;-2,7;37,8;-4,1
2164796544;-18,09;169,42;39,0;1,28;1,8;39,1;2,7
2167768792;-18,72;141,43;41,3;1,26;6,1;41,7;8,3
2170741040;-18,46;111,38;44,8;1,27;10,1;45,9;12,7
2173713288;-17,46;84,17;49,6;1,31;13,5;51,4;15,2
2176685536;-16,12;61,37;55,8;1,37;15,7;57,9;15,7
2179657784;-14,84;41,31;63,6;1,44;15,7;65,5;13,9
2182630032;-13,69;23,48;72,1;1,52;12,4;73,2;9,8
2185602280;-12,63;7,15;80,0;1,61;4,9;80,1;3,5
2188574528;-11,78;-7,97;83,9;1,69;-6,4;84,2;-4,4
2191546776;-11,08;-22,74;81,9;1,77;-19,2;84,1;-13,2
2194519024;-10,64;-36,41;74,5;1,83;-28,4;79,7;-20,9
2197491272;-10,34;-49,10;65,4;1,87;-33,1;73,3;-26,9
2200463520;-10,26;-61,86;56,3;1,88;-33,6;65,6;-30,8
2203435768;-10,39;-74,29;49,0;1,87;-31,4;58,2;-32,7
2206408016;-10,71;-86,89;43,4;1,82;-27,6;51,5;-32,5
2209380264;-11,21;-99,54;39,6;1,76;-23,2;45,9;-30,4
2212352512;-11,88;-112,08;37,2;1,68;-18,8;41,7;-26,8
2215324760;-12,74;-125,22;35,9;1,60;-14,3;38,6;-21,7
2218297008;-13,82;-139,02;35,5;1,51;-9,9;36,9;-15,6
2221269256;-14,92;-154,08;35,7;1,44;-5,8;36,2;-9,2
2224241504;-16,18;-170,56;36,7;1,37;-1,9;36,7;-3,0
2227213752;-17,47;171,69;38,3;1,31;1,5;38,3;2,3
2230186000;-18,74;150,68;40,6;1,26;4,7;40,9;6,5
2233158248;-19,68;126,19;43,6;1,23;7,4;44,3;9,6
2236130496;-19,91;100,89;47,2;1,22;9,5;48,1;11,3
2239102744;-19,26;75,86;51,5;1,24;11,0;52,7;12,1
2242074992;-18,19;53,70;56,6;1,28;11,4;57,8;11,4
2245047240;-16,81;34,95;62,4;1,34;10,5;63,3;9,6
2248019488;-15,56;19,47;68,1;1,40;7,8;68,6;6,5
2250991736;-14,46;5,45;73,2;1,47;2,7;73,2;2,1
2253963984;-13,60;-6,77;76,0;1,53;-3,9;76,1;-2,9
2256936232;-12,82;-18,44;76,6;1,59;-11,7;77,5;-8,7
2259908480;-12,25;-29,84;73,9;1,65;-19,1;76,3;-14,5
2262880728;-11,82;-41,44;68,6;1,69;-24,9;73,0;-20,0
2265852976;-11,54;-52,62;62,1;1,72;-28,1;68,2;-24,4
2268825224;-11,37;-63,88;55,5;1,74;-29,0;62,6;-27,6
2271797472;-11,36;-75,04;49,6;1,74;-28,0;57,0;-29,4
2274769720;-11,45;-86,78;44,6;1,73;-25,7;51,4;-29,9
2277741968;-11,61;-98,06;40,7;1,71;-22,8;46,7;-29,2
2280714216;-11,88;-109,78;37,8;1,68;-19,4;42,5;-27,1
2283686464;-12,23;-121,69;35,7;1,65;-15,8;39,0;-23,9
2286658712;-12,69;-134,09;34,4;1,60;-12,1;36,4;-19,4
2289630960;-13,22;-147,57;33,6;1,56;-8,3;34,6;-13,8
2292603208;-13,90;-162,41;33,6;1,51;-4,3;33,9;-7,2
2295575456;-14,60;-178,80;34,3;1,46;-0,3;34,3;-0,5
2298547704;-15,26;162,13;35,7;1,42;3,9;35,9;6,2
2301519952;-15,83;140,48;38,2;1,39;8,1;39,0;11,9
2304492200;-16,10;115,93;42,0;1,37;12,1;43,7;16,1
2307464448;-15,83;91,66;47,0;1,39;15,6;49,5;18,4
2310436696;-15,03;69,09;53,5;1,43;18,3;56,6;18,9
2313408944;-14,11;49,06;61,6;1,49;19,1;64,5;17,2
2316381192;-13,18;30,47;71,0;1,56;16,6;72,9;13,2
2319353440;-12,31;13,63;80,1;1,64;9,7;80,7;6,9
2322325688;-11,56;-2,28;85,9;1,72;-1,9;85,9;-1,3
2325297936;-10,88;-17,51;85,6;1,80;-16,0;87,0;-10,6
2328270184;-10,35;-31,55;79,0;1,87;-27,6;83,7;-19,3
2331242432;-9,99;-45,26;68,7;1,93;-34,3;76,8;-26,5
2334214680;-9,74;-58,56;58,3;1,97;-36,3;68,7;-31,9
2337186928;-9,53;-71,65;49,3;2,00;-35,1;60,5;-35,5
2340159176;-9,52;-84,27;42,5;2,00;-31,8;53,1;-36,8
2343131424;-9,66;-96,54;37,7;1,98;-27,6;46,7;-36,2
2346103672;-9,90;-108,91;34,3;1,94;-23,1;41,3;-34,0
2349075920;-10,31;-121,86;32,0;1,88;-18,3;36,9;-29,8
2352048168;-10,89;-135,52;30,8;1,80;-13,4;33,6;-23,5
2355020416;-11,64;-149,67;30,6;1,71;-8,7;31,8;-15,8
2357992664;-12,56;-165,06;31,3;1,62;-4,0;31,5;-7,3
2360964912;-13,52;178,44;32,6;1,53;0,4;32,6;0,7
2363937160;-14,45;159,68;34,6;1,47;4,7;35,0;7,8
2366909408;-15,25;139,76;37,5;1,42;8,6;38,5;13,0
2369881656;-15,71;118,80;41,1;1,39;12,1;42,8;16,5
2372853904;-15,87;96,57;45,8;1,38;15,0;48,2;18,2
2375826152;-15,51;74,61;51,7;1,40;17,2;54,5;18,4
2378798400;-14,89;54,48;58,8;1,44;17,8;61,4;16,9
2381770648;-13,98;35,32;67,3;1,50;16,2;69,2;13,5
2384742896;-13,04;17,59;76,0;1,57;10,8;76,8;8,1
2387715144;-12,11;1,41;83,0;1,66;1,1;83,0;0,7
2390687392;-11,34;-13,39;84,8;1,74;-11,5;85,6;-7,7
2393659640;-10,70;-26,61;81,2;1,82;-23,2;84,4;-15,9
2396631888;-10,26;-39,46;73,0;1,89;-31,5;79,5;-23,3
2399604136;-9,97;-51,49;63,7;1,93;-35,2;72,8;-28,9
2402576384;-9,83;-63,32;55,0;1,95;-35,4;65,4;-32,7
2405548632;-9,81;-74,83;47,9;1,96;-33,3;58,3;-34,9
2408520880;-9,97;-86,26;42,4;1,93;-29,9;51,9;-35,2
2411493128;-10,21;-98,12;38,2;1,89;-25,8;46,2;-34,0
2414465376;-10,56;-110,00;35,3;1,84;-21,6;41,4;-31,4
2417437624;-11,01;-122,29;33,4;1,78;-17,2;37,6;-27,3
2420409872;-11,54;-135,08;32,2;1,72;-12,9;34,7;-21,9
2423382120;-12,21;-148,69;31,8;1,65;-8,6;32,9;-15,2
2426354368;-13,01;-163,00;32,2;1,58;-4,4;32,5;-7,8
2429326616;-13,91;-178,53;33,2;1,51;-0,4;33,2;-0,6
2432298864;-15,00;164,23;35,2;1,43;3,5;35,4;5,7
2435271112;-16,03;143,75;38,1;1,37;7,3;38,8;10,8
2438243360;-17,00;120,64;42,1;1,33;10,4;43,4;13,9
2441215608;-17,38;95,34;47,0;1,31;12,9;48,8;15,3
2444187856;-17,25;69,38;53,2;1,32;13,9;55,0;14,7
2447160104;-16,40;47,01;59,8;1,36;13,6;61,4;12,8
2450132352;-15,37;27,84;66,7;1,41;10,9;67,6;9,3
2453104600;-14,32;11,20;73,0;1,48;5,7;73,2;4,4
2456076848;-13,43;-3,20;77,0;1,54;-1,9;77,0;-1,4
2459049096;-12,58;-16,07;78,3;1,61;-10,8;79,0;-7,8
2462021344;-11,91;-28,28;75,8;1,68;-19,5;78,2;-14,4
2464993592;-11,33;-40,15;70,3;1,74;-26,5;75,1;-20,7
2467965840;-10,92;-51,16;63,5;1,79;-30,6;70,4;-25,7
2470938088;-10,55;-62,41;56,1;1,84;-32,3;64,7;-30,0
2473910336;-10,37;-73,51;49,4;1,87;-31,6;58,6;-32,6
2476882584;-10,24;-84,28;43,8;1,89;-29,6;52,9;-34,1
2479854832;-10,18;-95,61;39,1;1,90;-26,7;47,3;-34,3
2482827080;-10,35;-106,25;36,0;1,87;-23,1;42,7;-32,7
2485799328;-10,56;-117,07;33,6;1,84;-19,4;38,8;-30,1
2488771576;-10,96;-127,88;32,2;1,79;-15,7;35,8;-25,9
2491743824;-11,45;-138,88;31,5;1,73;-11,9;33,7;-20,8
2494716072;-12,11;-150,86;31,4;1,66;-8,1;32,4;-14,4
2497688320;-12,94;-164,56;31,9;1,58;-4,0;32,2;-7,2
2500660568;-13,93;-179,57;33,3;1,50;-0,1;33,3;-0,2
2503632816;-15,08;162,35;35,4;1,43;3,9;35,7;6,3
2506605064;-16,08;140,93;38,4;1,37;7,8;39,2;11,5
2509577312;-16,83;115,16;42,8;1,34;11,4;44,3;14,9
2512549560;-16,80;87,56;48,5;1,34;14,3;50,6;16,4
2515521808;-16,00;61,17;55,9;1,38;15,9;58,1;15,9
2518494056;-14,86;37,80;64,7;1,44;14,8;66,4;12,9
2521466304;-13,65;17,93;73,9;1,52;9,9;74,5;7,6
2524438552;-12,49;0,36;81,1;1,62;0,3;81,1;0,2
2527410800;-11,51;-15,56;83,2;1,72;-12,8;84,2;-8,7
2530383048;-10,67;-29,56;79,3;1,83;-25,0;83,2;-17,5
2533355296;-10,07;-42,73;70,7;1,91;-33,4;78,2;-25,3
2536327544;-9,60;-54,94;61,0;1,99;-37,2;71,5;-31,3
2539299792;-9,27;-66,45;52,3;2,05;-37,4;64,3;-35,6
2542272040;-9,13;-77,02;45,5;2,07;-35,3;57,6;-37,8
2545244288;-9,09;-86,87;40,4;2,08;-32,3;51,7;-38,6
2548216536;-9,21;-96,71;36,6;2,06;-28,6;46,5;-38,0
2551188784;-9,40;-106,23;33,9;2,03;-24,9;42,1;-36,3
2554161032;-9,67;-116,02;32,0;1,98;-21,1;38,3;-33,5
2557133280;-10,06;-126,08;30,7;1,92;-17,3;35,2;-29,4
2560105528;-10,57;-137,28;30,0;1,84;-13,2;32,7;-23,8
2563077776;-11,25;-149,51;29,9;1,75;-9,0;31,2;-16,7
2566050024;-12,08;-163,26;30,5;1,66;-4,7;30,8;-8,7
2569022272;-13,06;-178,70;31,8;1,57;-0,3;31,8;-0,6
2571994520;-14,31;164,10;34,2;1,48;3,7;34,4;6,3
2574966768;-15,65;143,30;37,7;1,40;7,6;38,4;11,5
2577939016;-16,72;118,40;42,2;1,34;11,1;43,6;14,7
2580911264;-17,35;89,67;48,3;1,31;13,3;50,1;15,5
2583883512;-16,97;59,68;55,9;1,33;13,9;57,6;14,0
2586855760;-15,80;33,80;64,3;1,39;11,9;65,4;10,5
2589828008;-14,43;12,20;72,5;1,47;6,0;72,8;4,8
2592800256;-13,14;-5,39;78,0;1,57;-3,4;78,1;-2,5
2595772504;-12,08;-20,16;78,9;1,66;-14,4;80,2;-10,4
2598744752;-11,18;-32,93;75,4;1,76;-24,5;79,2;-18,0
2601717000;-10,52;-44,52;68,6;1,85;-31,5;75,5;-24,6
2604689248;-10,01;-55,24;60,9;1,92;-35,1;70,2;-30,0
2607661496;-9,60;-65,29;53,5;1,99;-36,1;64,5;-34,1
2610633744;-9,35;-75,11;47,0;2,03;-35,0;58,6;-36,7
2613605992;-9,19;-85,00;41,5;2,06;-32,6;52,8;-38,2
2616578240;-9,13;-95,12;37,0;2,08;-29,4;47,3;-38,4
2619550488;-9,16;-105,61;33,6;2,07;-25,6;42,2;-37,4
2622522736;-9,34;-116,40;31,1;2,04;-21,5;37,8;-34,7
2625494984;-9,65;-127,34;29,6;1,98;-17,4;34,3;-30,4
2628467232;-10,08;-139,06;28,7;1,91;-13,1;31,5;-24,5
2631439480;-10,69;-150,76;28,7;1,83;-8,9;30,0;-17,3
2634411728;-11,40;-163,87;29,2;1,74;-4,7;29,6;-9,2
2637383976;-12,29;-177,66;30,5;1,64;-0,6;30,5;-1,2
2640356224;-13,42;166,01;32,7;1,54;3,5;32,9;6,2
2643328472;-14,67;146,62;36,0;1,45;7,6;36,8;11,9
2646300720;-15,77;122,66;40,5;1,39;11,4;42,1;15,7
2649272968;-16,23;94,52;46,6;1,36;14,7;48,8;17,5
2652245216;-15,74;65,82;54,5;1,39;16,7;57,0;17,0
2655217464;-14,56;40,64;64,2;1,46;16,2;66,3;14,2
2658189712;-13,23;19,37;74,9;1,56;11,4;75,7;8,6
2661161960;-11,95;1,71;83,8;1,68;1,4;83,8;0,9
2664134208;-10,88;-14,05;87,1;1,80;-13,2;88,1;-8,6
2667106456;-9,99;-28,11;83,1;1,93;-27,5;87,5;-18,3
2670078704;-9,21;-41,19;73,5;2,06;-38,1;82,8;-27,4
2673050952;-8,73;-53,16;62,3;2,15;-42,1;75,2;-34,1
2676023200;-8,35;-65,42;51,6;2,24;-42,0;66,5;-39,1
2678995448;-8,02;-76,89;43,1;2,32;-39,6;58,5;-42,6
2681967696;-7,93;-88,07;37,0;2,34;-35,4;51,2;-43,7
2684939944;-7,82;-98,80;32,4;2,37;-31,2;44,9;-43,9
2687912192;-7,94;-109,31;29,4;2,34;-26,5;39,6;-42,0
2690884440;-8,21;-119,96;27,6;2,27;-21,9;35,2;-38,4
2693856688;-8,65;-130,70;26,7;2,17;-17,3;31,8;-33,0
2696828936;-9,22;-141,63;26,5;2,06;-12,9;29,5;-26,0
2699801184;-9,98;-153,53;27,0;1,93;-8,5;28,3;-17,4
2702773432;-10,95;-166,37;28,2;1,79;-4,1;28,5;-8,3
2705745680;-12,15;178,58;30,2;1,66;0,4;30,2;0,7
2708717928;-13,52;161,00;33,1;1,53;4,8;33,4;8,2
2711690176;-14,90;139,30;37,1;1,44;9,0;38,1;13,6
2714662424;-16,08;112,37;42,6;1,37;12,7;44,5;16,6
2717634672;-16,34;83,41;49,4;1,36;15,3;51,7;17,2
2720606920;-15,63;54,54;58,2;1,40;16,1;60,4;15,5
2723579168;-14,40;30,25;68,2;1,47;13,6;69,5;11,3
2726551416;-13,12;10,20;77,5;1,57;6,4;77,7;4,7
2729523664;-11,78;-6,41;84,2;1,69;-5,2;84,4;-3,5
2732495912;-10,63;-20,72;85,1;1,83;-19,4;87,3;-12,8
2735468160;-9,63;-33,54;79,8;1,99;-32,7;86,2;-22,3
2738440408;-8,83;-44,95;70,2;2,13;-41,3;81,5;-30,5
2741412656;-8,17;-56,07;59,1;2,28;-45,2;74,4;-37,4
2744384904;-7,66;-66,68;49,1;2,41;-45,1;66,7;-42,6
2747357152;-7,38;-77,04;41,2;2,49;-42,0;58,9;-45,5
2750329400;-7,25;-87,17;35,4;2,53;-37,8;51,8;-46,9
2753301648;-7,29;-97,63;31,3;2,52;-32,9;45,4;-46,5
2756273896;-7,52;-108,16;28,6;2,45;-27,8;39,9;-44,2
2759246144;-7,89;-119,06;26,9;2,35;-22,7;35,2;-40,1
2762218392;-8,46;-130,52;26,3;2,21;-17,6;31,6;-33,8
2765190640;-9,29;-142,51;26,5;2,04;-12,6;29,4;-25,3
2768162888;-10,27;-154,96;27,5;1,88;-7,9;28,6;-16,0
2771135136;-11,51;-169,17;29,2;1,72;-3,1;29,3;-6,1
2774107384;-12,93;175,24;31,6;1,58;1,2;31,6;2,3
2777079632;-14,76;156,89;35,3;1,45;5,2;35,7;8,4
2780051880;-16,54;133,44;39,8;1,35;8,8;40,8;12,5
2783024128;-18,05;102,97;45,9;1,29;11,4;47,3;13,9
2785996376;-18,12;68,90;53,2;1,28;12,5;54,6;13,2
2788968624;-16,85;39,39;61,3;1,34;11,4;62,4;10,5
2791940872;-15,06;17,74;69,7;1,43;7,7;70,1;6,3
2794913120;-13,45;0,48;77,0;1,54;0,3;77,0;0,2
2797885368;-12,01;-12,98;81,6;1,67;-9,8;82,2;-6,9
2800857616;-10,97;-24,39;81,4;1,79;-20,7;84,0;-14,2
2803829864;-10,05;-34,63;77,5;1,92;-30,7;83,4;-21,6
2806802112;-9,34;-45,02;69,7;2,04;-38,1;79,4;-28,6
2809774360;-8,81;-54,04;61,5;2,14;-41,6;74,3;-34,0
2812746608;-8,42;-63,32;53,3;2,22;-42,2;68,0;-38,4
2815718856;-8,12;-72,40;46,1;2,29;-40,8;61,6;-41,5
2818691104;-7,95;-81,83;40,1;2,34;-37,9;55,2;-43,4
2821663352;-7,94;-91,41;35,5;2,34;-34,0;49,2;-43,7
2824635600;-8,03;-101,09;32,2;2,32;-29,7;43,8;-42,7
2827607848;-8,21;-111,28;29,6;2,27;-25,3;38,9;-40,5
2830580096;-8,56;-121,53;28,1;2,19;-20,8;35,0;-36,5
2833552344;-9,08;-132,55;27,4;2,09;-16,2;31,8;-30,6
2836524592;-9,72;-143,99;27,3;1,97;-11,7;29,7;-23,3
2839496840;-10,65;-156,50;28,1;1,83;-7,2;29,0;-14,4
2842469088;-11,87;-170,82;29,8;1,68;-2,6;29,9;-5,0
2845441336;-13,48;172,15;32,6;1,54;2,0;32,7;3,5
2848413584;-15,29;150,62;36,5;1,42;6,3;37,1;9,9
2851385832;-16,88;121,65;41,8;1,33;10,4;43,1;14,0
2854358080;-17,22;86,09;49,0;1,32;13,7;50,9;15,7
2857330328;-15,92;54,21;58,1;1,38;15,5;60,1;14,9
2860302576;-14,12;29,94;68,9;1,49;14,1;70,3;11,5
2863274824;-12,42;11,31;80,2;1,63;8,0;80,6;5,7
2866247072;-10,98;-4,69;89,0;1,79;-4,5;89,1;-2,9
2869219320;-9,83;-18,58;90,9;1,95;-20,9;93,3;-12,9
2872191568;-8,87;-30,62;85,4;2,13;-36,0;92,6;-22,9
2875163816;-8,20;-41,53;74,6;2,27;-45,3;87,3;-31,3
2878136064;-7,51;-52,71;61,7;2,46;-50,3;79,5;-39,2
2881108312;-7,09;-63,16;50,5;2,58;-49,5;70,8;-44,4
2884080560;-6,80;-72,95;42,0;2,68;-46,5;62,6;-47,9
2887052808;-6,60;-83,12;35,3;2,76;-41,9;54,8;-49,9
2890025056;-6,56;-92,83;30,7;2,77;-37,0;48,1;-50,3
2892997304;-6,74;-102,75;27,9;2,71;-31,7;42,2;-48,7
2895969552;-7,05;-112,88;26,0;2,60;-26,5;37,2;-45,5
2898941800;-7,59;-123,10;25,3;2,43;-21,5;33,2;-40,3
2901914048;-8,42;-134,30;25,6;2,22;-16,2;30,3;-32,4
2904886296;-9,53;-146,25;26,7;2,00;-11,1;28,9;-22,6
2907858544;-11,00;-159,50;28,6;1,79;-6,1;29,3;-12,1
2910830792;-12,89;-174,97;31,5;1,59;-1,3;31,6;-2,4
2913803040;-15,26;164,83;35,6;1,42;3,3;35,7;5,3
2916775288;-17,74;136,44;40,8;1,30;7,4;41,5;10,3
2919747536;-19,39;95,79;47,8;1,24;10,3;48,9;12,2
2922719784;-18,33;53,59;56,6;1,28;11,2;57,7;11,2
2925692032;-15,98;24,47;66,2;1,38;8,9;66,8;7,7
2928664280;-13,77;3,91;75,7;1,52;2,2;75,7;1,7
2931636528;-12,02;-10,94;82,1;1,67;-8,3;82,5;-5,8
2934608776;-10,65;-23,09;83,7;1,83;-21,1;86,3;-14,1
2937581024;-9,61;-33,52;79,8;1,99;-32,7;86,3;-22,3
2940553272;-8,90;-43,02;72,1;2,12;-40,6;82,8;-29,4
2943525520;-8,19;-54,60;60,6;2,28;-45,3;75,6;-36,8
2946497768;-7,89;-59,10;55,9;2,35;-46,2;72,6;-39,6
2949470016;-7,68;-67,11;48,8;2,41;-44,8;66,3;-42,6
2952442264;-7,53;-75,07;42,9;2,45;-42,3;60,2;-44,6
2955414512;-7,48;-82,80;38,3;2,46;-39,1;54,7;-45,6
2958386760;-7,51;-91,01;34,5;2,46;-35,3;49,4;-45,7
2961359008;-7,76;-99,34;32,0;2,38;-31,0;44,6;-44,1
2964331256;-8,08;-108,47;30,0;2,30;-26,6;40,1;-41,6
2967303504;-8,63;-117,98;29,1;2,18;-22,0;36,5;-37,2
2970275752;-9,33;-128,41;28,7;2,04;-17,4;33,5;-31,2
2973248000;-10,29;-139,05;29,1;1,88;-12,9;31,9;-23,9
2976220248;-11,56;-151,20;30,3;1,72;-8,3;31,5;-15,3
2979192496;-13,22;-164,48;32,4;1,56;-4,0;32,7;-7,0
2982164744;-15,51;177,30;35,6;1,40;0,6;35,7;0,9
2985136992;-18,42;151,45;40,2;1,27;4,7;40,5;6,6
2988109240;-20,62;111,41;46,0;1,21;8,1;46,7;9,9
2991081488;-19,64;64,06;53,8;1,23;10,2;54,7;10,7
2994053736;-16,72;31,95;63,2;1,34;10,0;64,0;9,0
2997025984;-14,11;13,13;73,4;1,49;6,8;73,7;5,3
2999998232;-12,09;-1,48;83,0;1,66;-1,1;83,0;-0,8
